"RecommendationId","ResourceType","Environment","Recommendation","PotentialMonthlySavingsUsd","ReviewLane","Confidence","Route","RouteReason","OwnerNote"
"AZR-001","Virtual machine","Development","Right-size or shut down an underutilized virtual machine","480","cost_owner_review","0.99","Workload-owner cost review","Ask the workload owner to validate the savings recommendation before any change.","The nightly test job finishes by 7 PM. The owner confirms there are no weekend workloads."
"AZR-002","SQL database","Production","Right-size an underutilized SQL database","920","technical_review","1","Technical review","The note flags production, capacity, customer-impact, or dependency context to check first.","This database supports month-end reporting. The owner has not confirmed peak-period capacity requirements."
"AZR-003","Managed disk","Unknown","Delete an unattached managed disk","45","needs_context","0.87","Gather context","Confirm the environment, workload owner, or business context before routing.","No workload owner or application mapping has been found for this disk."
"AZR-004","Virtual machine","Test","Right-size an underutilized virtual machine","230","cost_owner_review","0.99","Workload-owner cost review","Ask the workload owner to validate the savings recommendation before any change.","This is a sandbox. The owner confirms no performance testing is planned this month."
"AZR-005","App Service","Production","Review an App Service plan with low utilization","610","technical_review","1","Technical review","The note flags production, capacity, customer-impact, or dependency context to check first.","The service supports customer sign-in. The team is unsure how much headroom is needed for the next launch."
"AZR-006","Virtual machine","Development","Right-size an underutilized virtual machine","365","cost_owner_review","0.98","Workload-owner cost review","Ask the workload owner to validate the savings recommendation before any change.","This build agent runs only during business hours. The team can recreate it from its image if needed."
"AZR-007","SQL database","Production","Review a database with high utilization","0","technical_review","1","Technical review","The note flags production, capacity, customer-impact, or dependency context to check first.","The database is near its current capacity during weekday peaks. The application owner is available to review performance data."
"AZR-008","Managed disk","Development","Delete an unattached managed disk","72","cost_owner_review","1","Workload-owner cost review","Ask the workload owner to validate the savings recommendation before any change.","The disk was left behind after a test environment was removed. The project owner confirms its data is no longer needed."
"AZR-009","App Service","Test","Scale down an App Service plan","190","cost_owner_review","1","Workload-owner cost review","Ask the workload owner to validate the savings recommendation before any change.","This is a temporary test site with no scheduled load tests or external users."
"AZR-010","Virtual machine","Production","Right-size an underutilized virtual machine","540","technical_review","1","Technical review","The note flags production, capacity, customer-impact, or dependency context to check first.","This VM hosts a customer-facing API. Utilization is low, but the owner has not checked seasonal traffic patterns."
"AZR-011","Managed disk","Unknown","Delete an unattached managed disk","38","needs_context","0.95","Gather context","Confirm the environment, workload owner, or business context before routing.","The subscription has no current contact for this workload, and the disk name does not identify its purpose."
"AZR-012","SQL database","Development","Right-size an underutilized SQL database","275","cost_owner_review","0.98","Workload-owner cost review","Ask the workload owner to validate the savings recommendation before any change.","The database is used for developer testing. A recent export is available, and the team can restore it if required."
"AZR-013","Virtual machine","Production","Review virtual machine reservations","1250","technical_review","0.93","Technical review","The note flags production, capacity, customer-impact, or dependency context to check first.","The service has steady demand, but a planned migration may change the instance family next quarter."
"AZR-014","App Service","Production","Review an App Service plan with low utilization","430","cost_owner_review","0.25","Workload-owner cost review","Ask the workload owner to validate the savings recommendation before any change.","The owner confirms the staging slot is idle. Production traffic is handled by a separate plan."
"AZR-015","Managed disk","Production","Delete an unattached managed disk","110","technical_review","0.94","Technical review","The note flags production, capacity, customer-impact, or dependency context to check first.","The disk appears unused, but the owner says it may contain the only retained copy of an older reporting dataset."
"AZR-016","Virtual machine","Test","Right-size an underutilized virtual machine","155","technical_review","0.75","Technical review","The note flags production, capacity, customer-impact, or dependency context to check first.","The VM is part of an upcoming load test. The scheduled test window and required capacity are not yet confirmed."
"AZR-017","SQL database","Unknown","Review a database with low utilization","84","needs_context","0.99","Gather context","Confirm the environment, workload owner, or business context before routing.","No owner is listed, and there is not enough context to tell whether this database is still needed."
"AZR-018","App Service","Development","Scale down an App Service plan","215","cost_owner_review","1","Workload-owner cost review","Ask the workload owner to validate the savings recommendation before any change.","This developer environment is idle overnight and on weekends. The owner confirms deployments can recreate it."
"AZR-019","Virtual machine","Production","Review virtual machine reservations","980","technical_review","1","Technical review","The note flags production, capacity, customer-impact, or dependency context to check first.","Usage is stable today, but the application team expects a major traffic increase during the holiday period."
