"TenantName","SubscriptionCount","MonthlyCostUsd","AdvisorCostRecommendationCount","PotentialMonthlySavingsUsd","NonCompliantResources","UntaggedResourcePercent","SnapshotAgeDays","Workstream","WorkstreamConfidence","NeedsDiscoveryProbability","Urgency","Queue","GateReason","ContextNotes"
"Alpine Foods","14","48200","3","4100","18","12","14","governance_followup","0.83","0.89","Priority","Discovery review","The decision is uncertain or key facts need confirmation.","Policy results show several noncompliant resources. The platform owner says most are development workloads, but production scope has not been confirmed."
"Northwind Design","8","12900","5","1850","2","4","9","cost_optimization","1","0.48","Soon","cost_optimization","Route to the selected workstream.","Advisor identified low-usage development resources. The owners agree to review savings recommendations before the next budget cycle."
"Fabrikam Health","22","73600","1","300","7","3","21","migration_planning","1","0.92","Priority","Discovery review","The decision is uncertain or key facts need confirmation.","The company plans a data-center exit. Several legacy applications have undocumented dependencies and the migration sequence is still unknown."
"Contoso Retail","31","91400","2","900","4","6","4","cost_optimization","0.86","0.74","Soon","cost_optimization","Route to the selected workstream.","The commerce platform is stable. A regional expansion is planned next quarter; finance wants to understand how it may change the cloud cost forecast."
"Blue Yonder Logistics","11","23800","0","0","9","21","96","inventory_cleanup","1","0.95","Priority","Refresh inventory","The source snapshot is more than 60 days old.","The inventory snapshot is old and several subscriptions have no confirmed owner. The client contact is unsure whether some listed workloads are still active."
"Litware Media","6","17400","1","120","0","1","7","monitor","0.8","0.24","Routine","monitor","Route to the selected workstream.","The tenant is well documented and stable. No major projects are planned, and the current cost and policy reviews found no significant follow-up."
"Tailspin Toys","18","56200","4","6700","5","8","32","cost_optimization","1","0.88","Priority","Discovery review","The decision is uncertain or key facts need confirmation.","Spend rose after a seasonal launch. The team expects demand to fall next month, but has not identified which workloads can safely scale down."
"Adventure Works","9","28700","1","240","3","5","18","integration_planning","0.99","0.86","Soon","Discovery review","The decision is uncertain or key facts need confirmation.","A merger is underway. The acquired team's subscriptions must remain separate for now; the longer-term tenant and workload plan is undecided."
"Proseware Travel","4","8600","0","0","6","17","73","inventory_cleanup","0.42","0.94","Priority","Refresh inventory","The source snapshot is more than 60 days old.","The notes mention an upcoming renewal and possible migration, but do not identify a preferred destination or a confirmed workload owner."
"Wide World Importers","13","33100","2","800","1","2","11","cost_optimization","0.45","0.74","Soon","Discovery review","The decision is uncertain or key facts need confirmation.","Resource ownership and tagging are mostly clear. One business unit may retire an application, but no owner or date has been confirmed."
