RecommendationId,ResourceType,Environment,Recommendation,PotentialMonthlySavingsUsd,OwnerNote
AZR-001,Virtual machine,Development,Right-size or shut down an underutilized virtual machine,480,"The nightly test job finishes by 7 PM. The owner confirms there are no weekend workloads."
AZR-002,SQL database,Production,Right-size an underutilized SQL database,920,"This database supports month-end reporting. The owner has not confirmed peak-period capacity requirements."
AZR-003,Managed disk,Unknown,Delete an unattached managed disk,45,"No workload owner or application mapping has been found for this disk."
AZR-004,Virtual machine,Test,Right-size an underutilized virtual machine,230,"This is a sandbox. The owner confirms no performance testing is planned this month."
AZR-005,App Service,Production,Review an App Service plan with low utilization,610,"The service supports customer sign-in. The team is unsure how much headroom is needed for the next launch."
AZR-006,Virtual machine,Development,Right-size an underutilized virtual machine,365,"This build agent runs only during business hours. The team can recreate it from its image if needed."
AZR-007,SQL database,Production,Review a database with high utilization,0,"The database is near its current capacity during weekday peaks. The application owner is available to review performance data."
AZR-008,Managed disk,Development,Delete an unattached managed disk,72,"The disk was left behind after a test environment was removed. The project owner confirms its data is no longer needed."
AZR-009,App Service,Test,Scale down an App Service plan,190,"This is a temporary test site with no scheduled load tests or external users."
AZR-010,Virtual machine,Production,Right-size an underutilized virtual machine,540,"This VM hosts a customer-facing API. Utilization is low, but the owner has not checked seasonal traffic patterns."
AZR-011,Managed disk,Unknown,Delete an unattached managed disk,38,"The subscription has no current contact for this workload, and the disk name does not identify its purpose."
AZR-012,SQL database,Development,Right-size an underutilized SQL database,275,"The database is used for developer testing. A recent export is available, and the team can restore it if required."
AZR-013,Virtual machine,Production,Review virtual machine reservations,1250,"The service has steady demand, but a planned migration may change the instance family next quarter."
AZR-014,App Service,Production,Review an App Service plan with low utilization,430,"The owner confirms the staging slot is idle. Production traffic is handled by a separate plan."
AZR-015,Managed disk,Production,Delete an unattached managed disk,110,"The disk appears unused, but the owner says it may contain the only retained copy of an older reporting dataset."
AZR-016,Virtual machine,Test,Right-size an underutilized virtual machine,155,"The VM is part of an upcoming load test. The scheduled test window and required capacity are not yet confirmed."
AZR-017,SQL database,Unknown,Review a database with low utilization,84,"No owner is listed, and there is not enough context to tell whether this database is still needed."
AZR-018,App Service,Development,Scale down an App Service plan,215,"This developer environment is idle overnight and on weekends. The owner confirms deployments can recreate it."
AZR-019,Virtual machine,Production,Review virtual machine reservations,980,"Usage is stable today, but the application team expects a major traffic increase during the holiday period."
